Patient ID,Age,Braden Scale,Length of Stay,Type of Event,Week of Event,Time of Event,Date of Event,Nurse,Nurse Associated With Event,Type_of_Stay,Long_Stay_High_Risk
1,47,6,124,Missed Turn,2024-09-17,08:00:00,2024-10-23,W,F,Long Stay,High Risk
2,41,17,13,Repeated Turn,2024-09-22,08:00:00,2024-11-14,O,A,Normal Stay,Normal Risk
3,28,15,40,Missed Turn,2024-12-11,19:00:00,2024-10-30,U,F,Long Stay,Normal Risk
4,24,18,146,Repeated Turn,2024-10-20,05:00:00,2024-10-07,V,M,Long Stay,Normal Risk
5,57,17,63,Missed Turn,2024-09-20,09:00:00,2025-02-01,N,J,Long Stay,Normal Risk
6,35,6,32,Missed Turn,2024-10-02,03:00:00,2024-09-05,W,N,Long Stay,High Risk
7,23,18,3,Missed Turn,2025-01-11,23:00:00,2024-12-24,S,X,Normal Stay,Normal Risk
8,89,15,151,Missed Turn,2024-11-26,01:00:00,2024-09-08,S,T,Long Stay,Normal Risk
9,33,18,77,Missed Turn,2024-11-10,17:00:00,2025-01-21,G,F,Long Stay,Normal Risk
10,75,13,94,Missed Turn,2024-10-18,05:00:00,2025-01-06,I,B,Long Stay,Normal Risk
11,81,23,9,Repeated Turn,2024-10-25,16:00:00,2024-11-07,P,T,Normal Stay,Normal Risk
12,23,7,119,Missed Turn,2025-01-05,11:00:00,2024-12-18,H,J,Long Stay,High Risk
13,23,11,12,Missed Turn,2024-09-12,22:00:00,2024-10-26,C,W,Normal Stay,Normal Risk
14,40,19,76,Repeated Turn,2025-01-18,21:00:00,2025-01-29,Z,O,Long Stay,Normal Risk
15,59,11,142,Missed Turn,2024-10-19,04:00:00,2025-02-01,P,X,Long Stay,High Risk
16,75,10,52,Missed Turn,2024-09-22,07:00:00,2024-09-22,V,A,Long Stay,High Risk
17,86,16,110,Repeated Turn,2024-11-30,12:00:00,2024-10-23,W,A,Long Stay,Normal Risk
18,24,19,106,Missed Turn,2024-09-19,18:00:00,2024-10-10,B,Q,Long Stay,Normal Risk
19,85,14,163,Repeated Turn,2024-11-25,08:00:00,2024-09-27,E,T,Long Stay,Normal Risk
20,66,6,53,Missed Turn,2024-09-11,12:00:00,2024-09-27,P,S,Long Stay,High Risk
21,59,6,122,Repeated Turn,2024-09-22,14:00:00,2024-11-23,U,P,Long Stay,High Risk
22,67,20,176,Missed Turn,2025-01-07,05:00:00,2025-01-06,I,Q,Long Stay,Normal Risk
23,22,11,126,Repeated Turn,2024-09-08,20:00:00,2024-12-04,C,F,Long Stay,High Risk
24,60,15,13,Missed Turn,2024-12-19,10:00:00,2025-01-01,H,U,Normal Stay,Normal Risk
25,51,7,141,Missed Turn,2024-12-05,00:00:00,2024-11-13,C,M,Long Stay,High Risk
26,61,16,62,Missed Turn,2025-01-24,02:00:00,2025-01-22,H,Y,Long Stay,Normal Risk
27,62,23,17,Missed Turn,2024-09-19,23:00:00,2024-12-04,S,K,Long Stay,Normal Risk
28,21,17,167,Repeated Turn,2024-10-12,03:00:00,2024-10-02,Y,Q,Long Stay,Normal Risk
29,73,16,140,Repeated Turn,2024-09-16,11:00:00,2024-12-14,D,O,Long Stay,Normal Risk
30,68,10,19,Missed Turn,2024-10-02,17:00:00,2025-01-10,X,F,Long Stay,High Risk
31,75,7,94,Missed Turn,2025-01-02,09:00:00,2024-10-15,T,I,Long Stay,High Risk
32,70,11,190,Missed Turn,2024-09-04,10:00:00,2025-01-22,S,A,Long Stay,High Risk
33,25,7,74,Repeated Turn,2024-12-03,08:00:00,2025-01-11,Z,C,Long Stay,High Risk
34,68,10,2,Repeated Turn,2024-12-12,09:00:00,2025-01-04,G,F,Normal Stay,Normal Risk
35,68,18,181,Repeated Turn,2024-09-13,07:00:00,2024-10-09,Q,T,Long Stay,Normal Risk
36,76,10,30,Missed Turn,2025-01-21,10:00:00,2025-02-01,Y,R,Long Stay,High Risk
37,27,14,170,Missed Turn,2024-12-26,17:00:00,2024-11-19,C,Y,Long Stay,Normal Risk
38,45,11,73,Missed Turn,2024-10-19,16:00:00,2025-02-01,B,Y,Long Stay,High Risk
39,36,20,169,Repeated Turn,2024-10-04,01:00:00,2025-01-08,E,U,Long Stay,Normal Risk
40,82,14,17,Repeated Turn,2024-09-13,15:00:00,2024-12-02,O,V,Long Stay,Normal Risk
41,27,7,153,Repeated Turn,2024-11-24,14:00:00,2024-10-02,O,V,Long Stay,High Risk
42,41,16,66,Missed Turn,2024-09-24,02:00:00,2024-12-05,J,Q,Long Stay,Normal Risk
43,54,17,3,Missed Turn,2024-12-17,05:00:00,2024-09-29,V,R,Normal Stay,Normal Risk
44,60,10,110,Repeated Turn,2024-09-11,00:00:00,2024-11-20,Y,B,Long Stay,High Risk
45,22,12,20,Missed Turn,2025-01-25,12:00:00,2024-10-07,Q,A,Long Stay,High Risk
46,76,11,181,Missed Turn,2024-11-02,14:00:00,2024-11-05,C,U,Long Stay,High Risk
47,29,10,33,Missed Turn,2025-01-23,22:00:00,2025-01-17,Y,K,Long Stay,High Risk
48,74,20,142,Repeated Turn,2024-09-14,03:00:00,2024-11-03,P,Z,Long Stay,Normal Risk
49,41,9,49,Missed Turn,2025-01-16,16:00:00,2024-09-02,I,Z,Long Stay,High Risk
50,44,18,52,Repeated Turn,2025-01-21,22:00:00,2025-01-14,T,G,Long Stay,Normal Risk
51,22,7,165,Missed Turn,2024-09-03,13:00:00,2024-12-20,L,W,Long Stay,High Risk
52,69,15,104,Repeated Turn,2024-12-06,08:00:00,2024-09-10,E,E,Long Stay,Normal Risk
53,89,9,18,Repeated Turn,2024-12-31,01:00:00,2024-11-17,Q,T,Long Stay,High Risk
54,39,23,151,Missed Turn,2025-01-07,10:00:00,2024-10-17,C,T,Long Stay,Normal Risk
55,60,15,93,Missed Turn,2024-10-18,16:00:00,2024-10-18,O,K,Long Stay,Normal Risk
56,82,7,90,Missed Turn,2024-09-07,07:00:00,2024-12-14,V,N,Long Stay,High Risk
57,90,22,167,Missed Turn,2024-09-12,16:00:00,2024-11-10,E,V,Long Stay,Normal Risk
58,80,9,93,Missed Turn,2024-11-22,02:00:00,2025-01-30,F,G,Long Stay,High Risk
59,70,15,126,Missed Turn,2024-09-28,12:00:00,2024-09-30,R,Z,Long Stay,Normal Risk
60,89,18,75,Missed Turn,2024-10-21,12:00:00,2024-09-28,S,N,Long Stay,Normal Risk
61,46,19,66,Missed Turn,2025-01-14,21:00:00,2024-10-18,R,N,Long Stay,Normal Risk
62,67,14,174,Repeated Turn,2024-11-22,16:00:00,2024-09-30,W,G,Long Stay,Normal Risk
63,79,18,176,Missed Turn,2025-01-28,13:00:00,2024-10-27,K,G,Long Stay,Normal Risk
64,84,20,30,Repeated Turn,2024-11-22,11:00:00,2024-09-13,P,W,Long Stay,Normal Risk
65,55,15,34,Repeated Turn,2024-10-07,16:00:00,2024-10-24,F,M,Long Stay,Normal Risk
66,47,18,51,Missed Turn,2024-12-15,06:00:00,2024-10-02,G,G,Long Stay,Normal Risk
67,38,6,102,Repeated Turn,2024-12-10,07:00:00,2024-12-23,H,M,Long Stay,High Risk
68,28,11,67,Missed Turn,2024-09-27,04:00:00,2024-11-05,D,A,Long Stay,High Risk
69,49,8,140,Missed Turn,2025-01-04,08:00:00,2024-09-23,K,C,Long Stay,High Risk
70,82,20,94,Missed Turn,2025-01-16,20:00:00,2025-01-05,O,O,Long Stay,Normal Risk
71,36,6,48,Missed Turn,2024-09-22,16:00:00,2024-10-11,Q,V,Long Stay,High Risk
72,77,22,10,Missed Turn,2024-09-12,13:00:00,2024-09-08,K,J,Normal Stay,Normal Risk
73,25,23,148,Repeated Turn,2024-11-04,11:00:00,2024-10-24,G,S,Long Stay,Normal Risk
74,51,20,125,Repeated Turn,2025-02-01,13:00:00,2024-10-21,J,A,Long Stay,Normal Risk
75,36,20,78,Repeated Turn,2024-09-28,23:00:00,2024-09-29,X,M,Long Stay,Normal Risk
76,85,9,92,Missed Turn,2024-10-03,07:00:00,2025-01-08,K,X,Long Stay,High Risk
77,25,19,198,Repeated Turn,2024-10-11,06:00:00,2024-11-07,C,Q,Long Stay,Normal Risk
78,77,19,193,Repeated Turn,2024-11-05,00:00:00,2024-10-18,Z,H,Long Stay,Normal Risk
79,21,22,100,Missed Turn,2024-09-24,11:00:00,2024-10-15,R,O,Long Stay,Normal Risk
80,72,15,53,Missed Turn,2024-11-30,15:00:00,2025-01-12,K,Z,Long Stay,Normal Risk
81,30,21,18,Repeated Turn,2025-01-30,20:00:00,2024-12-01,X,P,Long Stay,Normal Risk
82,79,15,104,Missed Turn,2025-01-13,05:00:00,2025-01-06,A,J,Long Stay,Normal Risk
83,54,22,38,Repeated Turn,2024-12-25,11:00:00,2024-10-17,H,B,Long Stay,Normal Risk
84,40,19,15,Repeated Turn,2024-09-14,18:00:00,2024-11-05,H,A,Long Stay,Normal Risk
85,61,11,107,Missed Turn,2024-11-06,19:00:00,2024-12-21,V,N,Long Stay,High Risk
86,25,20,151,Missed Turn,2025-01-10,18:00:00,2024-12-29,J,L,Long Stay,Normal Risk
87,28,12,20,Repeated Turn,2024-09-04,18:00:00,2024-09-07,E,S,Long Stay,High Risk
88,62,10,121,Repeated Turn,2024-11-06,23:00:00,2024-11-11,T,O,Long Stay,High Risk
89,38,11,24,Repeated Turn,2025-01-31,07:00:00,2025-01-23,L,B,Long Stay,High Risk
90,41,18,156,Repeated Turn,2024-09-25,18:00:00,2024-10-26,J,G,Long Stay,Normal Risk
91,65,16,56,Repeated Turn,2024-11-21,10:00:00,2025-01-18,T,N,Long Stay,Normal Risk
92,59,13,187,Repeated Turn,2024-09-03,13:00:00,2024-10-20,A,O,Long Stay,Normal Risk
93,48,21,119,Missed Turn,2024-09-27,07:00:00,2025-01-18,V,A,Long Stay,Normal Risk
94,76,23,89,Missed Turn,2025-01-31,17:00:00,2024-10-29,F,H,Long Stay,Normal Risk
95,35,21,126,Missed Turn,2025-01-02,18:00:00,2024-09-12,C,S,Long Stay,Normal Risk
96,85,17,182,Missed Turn,2025-01-28,14:00:00,2024-10-12,D,O,Long Stay,Normal Risk
97,57,20,198,Repeated Turn,2024-11-25,15:00:00,2024-11-05,D,S,Long Stay,Normal Risk
98,49,13,183,Missed Turn,2024-12-28,05:00:00,2024-11-04,K,G,Long Stay,Normal Risk
99,89,9,164,Missed Turn,2024-11-04,22:00:00,2024-11-24,C,X,Long Stay,High Risk
100,38,18,95,Missed Turn,2024-09-06,03:00:00,2025-01-14,A,U,Long Stay,Normal Risk
